Serial Number,List Year,Date Recorded,Town,Address,Assessed Value,Sale Amount,Property Type,Residential Type
220008,2022,01/30/2023,Andover,618 ROUTE 6,139020,232000,Residential,Single Family
2020348,2020,09/13/2021,Ansonia,230 WAKELEE AVE,150500,325000,Commercial,
20002,2020,10-02-2020,Ashford,390 TURNPIKE RD,253000,430000,Residential,Single Family
210317,2021,07-05-2022,Avon,53 COTSWOLD WAY,329730,805000,Residential,Single Family
200212,2020,03-09-2021,Avon,5 CHESTNUT DRIVE,130400,179900,Residential,Condo
200243,2020,04/13/2021,Avon,111 NORTHINGTON DRIVE,619290,890000,Residential,Single Family
200377,2020,07-02-2021,Avon,70 FAR HILLS DRIVE,862330,1447500,Residential,Single Family
22043,2022,03/15/2023,Beacon Falls,41 EDGEWOOD DRIVE,164170,285000,Residential,Single Family
200109,2020,12-09-2020,Avon,57 FAR HILLS DRIVE,847520,1250000,Residential,Single Family
2020180,2020,03-01-2021,Berlin,1539 FARMINGTON AVE,234200,130000,Residential,Two Family
2020313,2020,07-01-2021,Berlin,216 WATCH HILL RD,412000,677500,Residential,Single Family
220440,2022,02/16/2023,Branford,69 MONTOYA,84300,195000,Residential,Condo
200097,2020,06-04-2021,Bethany,23 AMITY RD,511000,795000,Commercial,
210045,2025,04/29/2022,Bethlehem,89 LONG MEADOW RD,229900,561850,Residential,Single Family
210101,2025,12/20/2021,,43 LEDYARD AVE,111580,209000,Residential,Single Family
20139,2025,12/16/2020,,16 DEEPWOOD DRIVE,171360,335000,Residential,Single Family
200086,2025,08-10-2021,,39 WOODLAND RD,168900,352000,Residential,Single Family
2000381,2025,09/13/2021,,9 SADDLE RIDGE,163730,250000,Residential,Condo
200258,2020,01/22/2021,,34 SUNRISE COVE CAMP,530500,700000,Residential,Single Family
210035,2021,10/20/2021,,25 QUARRY DOCK RD,208100,448000,Residential,Condo
210748,2021,01/14/2022,,360 VINCELLETTE ST,160776,315000,Residential,Single Family
200804,2020,09/28/2021,,119 MONTOWESE ST,455100,650000,Commercial,
201295,2020,09-09-2021,,609 CAMP ST,144340,249900,Residential,Single Family
200032,2020,10-08-2020,,9 LESLIE COURT,94920,155000,Residential,Single Family
211762,2021,06/21/2022,Bridgeport,38 RIVERVIEW DR,86990,247000,Residential,Condo
200354,2020,12/29/2020,Bristol,391 TIFFANY LA,173740,299000,Residential,Single Family
200527,2020,03-01-2021,Bristol,25 WARD ST,85680,183000,Residential,Two Family
211997,2021,08-02-2022,Bridgeport,1963 MAIN ST,257910,500000,Commercial,
22000107,2022,12/22/2022,Cheshire,30 CURRIER PL,129150,265000,Residential,Condo
201212,2020,08/23/2021,Bristol,8 JENNINGS TERR,88060,91000,Residential,Single Family
20000050,2020,11-05-2020,Brookfield,4 CHELSEA CT,105110,160000,Residential,Condo
20000179,2020,02/22/2021,Brookfield,72 HOMESTEAD LN,94770,170000,Residential,Condo
210530,2021,02-09-2022,Bristol,68 JUDSON AVENUE,76580,190000,Residential,Single Family
200042,2020,05/19/2021,Canaan,93 MAIN ST,355800,599000,Residential,Two Family
200117,2020,04-12-2021,Canton,52 COUNTRY LANE,160850,280000,Residential,Single Family
220029,2022,04/20/2023,Cornwall,DAY RD,153100,190000,Vacant Land,
2000230,2020,03/16/2021,Cheshire,50 ABBEY CT,210940,365000,Residential,Single Family
220054,2022,12/13/2022,Coventry,166 CEDAR SWAMP RD,114500,255000,Residential,Single Family
2000330,2020,05/20/2021,Cheshire,844 HIGHLAND AVE,144220,204000,Residential,Single Family
200078,2020,09/20/2021,Chester,6 SUNSET AVE,250100,418800,Residential,Single Family
200268,2020,07-09-2021,Colchester,347 CABIN RD,104000,350000,Vacant Land,
200035,2020,10/29/2020,Colchester,160 SHADBUSH DR,223900,392000,Residential,Single Family
200024,2020,11-09-2020,Columbia,WEBSTER LANE,60300,75000,Vacant Land,
200074,2020,09-01-2021,Cornwall,131 KENT RD,246100,385000,Commercial,
200101,2020,01-07-2021,Coventry,74 LAKEVIEW DR,142800,245000,Residential,Single Family
200282,2020,07/15/2021,Coventry,1467 SOUTH ST,359800,480000,Commercial,
21055,2021,05-05-2022,Canterbury,159 BARSTOW RD,35700,70000,Vacant Land,
200039,2020,11-06-2020,Coventry,2075 MAIN ST,43700,25000,Vacant Land,
201328,2020,08-06-2021,Cromwell,6 BELHAVEN,410670,740000,Residential,Condo
200077,2020,12-08-2020,Cromwell,60 NORTH RD,174650,259000,Vacant Land,
200195,2020,04/26/2021,Cromwell,34 SHUNPIKE ROAD,3360000,5214750,Commercial,
200742,2020,03/29/2021,Danbury,17 OHEHYAHTAH PL,339100,550000,Residential,Single Family
200886,2020,05-03-2021,Danbury,86 MERRIMAC ST B,189800,240000,Residential,Condo
200938,2020,05/13/2021,Danbury,15-17 BOUGHTON ST #1-5,118900,230000,Residential,Condo
201018,2020,06-03-2021,Danbury,55 FOREST AV,136900,150000,Residential,Single Family
220261,2022,07/13/2023,East Lyme,2 PEACH LN,465500,827000,Residential,Single Family
201186,2020,07-12-2021,Danbury,28 MAIN ST,695500,3200000,Commercial,
220058,2022,11-10-2022,East Lyme,338 MAIN ST,293580,770000,Commercial,
201443,2020,09-01-2021,Danbury,4 COOPER RD,158700,325000,Residential,Single Family
201580,2020,09/27/2021,Danbury,25 CROWN ST,192300,525000,Residential,Two Family
200408,2020,12/24/2020,Danbury,15 SCUPPO RD 1503,130800,260000,Residential,Condo
20129,2020,03/30/2021,Derby,196 ELIZABETH ST,351260,873000,Commercial,
20013,2020,12/16/2020,Eastford,GENERAL LYON RD,2200,20000,Vacant Land,
200215,2020,06-04-2021,East Haddam,SHANAGHAN RD,51690,65000,Vacant Land,
210098,2021,10/20/2021,Danbury,19 GLEN RD,202500,460000,Residential,Single Family
220213,2022,01-03-2023,Greenwich,20 CHURCH STREET #A24,488530,775000,Residential,Condo
200242,2020,01/27/2021,East Haven,130 COE AVE #51,28240,73000,Residential,Condo
10095,2001,11/16/2001,Farmington,5 SPARROW LN,67670,302866,,
200375,2020,04-06-2021,East Haven,55 THOMPSON ST #5A,76960,140000,Residential,Condo
11238,2001,08/30/2002,Bethel,50 FOURTH ST,76450,50000,,
10035,2001,06/28/2002,Chaplin,FEDERAL RD,19000,35000,,
10115,2001,02-01-2002,Clinton,42 PRATT RD,121900,230000,,
200194,2020,02-05-2021,East Lyme,5 ROCCO DR,170660,220000,Vacant Land,
200236,2020,03/18/2021,East Lyme,8 N EDGEWOOD RD,238140,421000,Residential,Single Family
200320,2020,05-10-2021,East Lyme,9 FREEDOM WAY,776230,1525000,Commercial,
210176,2021,04/19/2022,East Hampton,10 LOWELL RD,153570,270000,Residential,Single Family
200499,2020,09-10-2021,East Lyme,27 SEA CREST AVE,233660,517000,Residential,Single Family
200510,2020,09/15/2021,East Lyme,3 CARLISE LN,212100,390500,Residential,Condo
200109,2020,03/30/2021,Easton,50 RIVERSIDE LANE,165400,300000,Vacant Land,
200305,2020,01/26/2021,Enfield,15 SALERNO DR,233660,410000,Residential,Single Family
10041,2001,07/17/2002,Eastford,WESTFORD RD,180,5000,,
210278,2021,08/18/2022,Ellington,1 ABBOTT RD 131,79390,170000,Residential,Condo
10115,2001,12-11-2001,Bethlehem,KASSON RD,39060,105000,,
10452,2001,12/14/2001,Danbury,DIVISION ST,140700,300000,,
200537,2020,05/21/2021,Enfield,104 BREWSTER RD,117380,245000,Residential,Single Family
200652,2020,06/29/2021,Enfield,12 KELLY DR,203470,360000,Residential,Single Family
200700,2020,07/13/2021,Enfield,8 SHANNON DR,161590,310000,Residential,Single Family
221007,2022,09/25/2023,Hamden,117 CUMPSTONE DR,144620,365000,Residential,Single Family
200226,2020,12/18/2020,Enfield,106 RAFFIA RD,145570,240000,Residential,Single Family
210721,2021,05/26/2022,Fairfield,59 GRACE STREET,235970,350000,Residential,Single Family
200125,2020,03/31/2021,Essex,35 DEER LA,220500,425000,Residential,Single Family
210771,2021,06-08-2022,Fairfield,33 REEF COURT,370160,625000,Residential,Single Family
200140,2020,04/28/2021,Essex,14 ESSEX GLEN DR #12,335800,520000,Residential,Condo
210800,2021,06/17/2022,Fairfield,1991 POST ROAD,833000,1400000,Commercial,
220715,2022,06/15/2023,Hartford,106 MOUNTAIN ST,65195,200000,Residential,Single Family
200055,2020,11/19/2020,Essex,HILLSIDE DR,5600,5000,Vacant Land,
11665,2001,07/30/2002,Danbury,3 MORGAN AVE,94600,175000,,
20054,2020,10/27/2020,Farmington,8193 ELY RD,167190,225000,Vacant Land,
200151,2020,12/14/2020,Farmington,15 MALS WAY,356410,550000,Residential,Single Family
10133,2001,07/30/2002,Durham,22 JOHN'S WAY,60340,82000,,
220049,2022,10/20/2022,Hartford,12 BELDEN ST,4970,15000,Vacant Land,
200539,2020,07/16/2021,Farmington,130 BIRDSEYE RD,1213620,1125000,Commercial,
10323,2001,09/23/2002,Coventry,400 EASTVIEW DR,0,325400,,
20064,2020,08/31/2021,Franklin,888 ROUTE 32,186770,209000,Commercial,
21200,2021,01/28/2022,Farmington,7 CYPRESS TRAIL,140950,260000,Residential,Condo
10751,2001,08-01-2002,Glastonbury,UT 128B S 93A,4200,6000,,
21101,2021,11/30/2021,Farmington,38 OAKLAND AV,137510,398500,Residential,Single Family
10044,2001,11/30/2001,Derby,5 WOODLAND WALK,175000,280000,,
220145,2022,03/15/2023,Killingly,106 MORIN AV,221760,560000,Apartments,
220166,2022,04/17/2023,Killingly,30 FORBES RD,10474800,48075000,Industrial,
200827,2020,09-07-2021,Glastonbury,38 MONTAUK WAY,332000,520000,Residential,Condo
10383,2001,01/23/2002,Hamden,297 PARK RD,77490,115000,,
20000123,2020,03-10-2021,Granby,18 MILL POND DR,87290,115000,Vacant Land,
220082,2022,12/22/2022,Ledyard,51 EAGLE RIDGE DR,222460,357000,Residential,Single Family
200579,2020,02-03-2021,Greenwich,2195000,1061900,2195000,Vacant Land,
10115,2001,03-11-2002,East Haddam,45 EH COLCHESTER TPKE,71330,122000,,
200645,2020,02/17/2021,Greenwich,123 VALLEY DRIVE,2661200,3000000,Residential,Single Family
10250,2001,07/18/2002,Coventry,HEMLOCK LN,1260,5000,,
10045,2001,01-03-2002,Bethany,9 SIMPSON CT,96590,0,,
21272,2021,04-06-2022,Guilford,137 OLD QUARRY RD,1260000,1600000,Residential,Single Family
201233,2020,06/22/2021,Greenwich,11 BAYBERRY LANE,4259500,4300000,Residential,Single Family
201437,2020,07/20/2021,Greenwich,552 RIVER ROAD,1337630,2300000,Residential,Single Family
10029,2001,05/13/2002,Colebrook,BOHUN RD,12900,17000,,
201494,2020,07/28/2021,Greenwich,20 EAST LYON FARM DRIVE,632170,1250000,Residential,Condo
10108,2001,11/14/2001,East Haven,130 MANSFIELD GRV RD,87910,149000,,
200421,2020,12/24/2020,Greenwich,130 NORTH WATER STREET,288190,705000,Residential,Single Family
10530,2001,09-12-2002,Avon,1 PUTNAM LN,97300,200000,,
220442,2022,03/24/2023,Meriden,8 JACKSON ST,124740,325000,Residential,Four Family
220527,2022,04/24/2023,Meriden,154 CROWN VLG,35840,85000,Residential,Condo
10114,2001,02/21/2002,East Windsor,EAST RD,43,2000,,
201078,2020,12/21/2020,Griswold,22 CROSS RD,173040,302000,Residential,Single Family
210221,2021,12-01-2021,Hamden,85 ARCH ST,124880,250000,Residential,Two Family
12532,2001,08/13/2002,Bolton,45 BEACON CT,0,12350,,
220671,2022,06/26/2023,Meriden,380 PARKER AVE SO,106330,280000,Residential,Single Family
210328,2021,12/27/2021,Hamden,288 DAVIS ST,129150,263000,Residential,Single Family
200436,2020,05-04-2021,Groton,67 LEAFWOOD LN S250,71960,130000,Residential,Condo
220917,2022,09/18/2023,Meriden,436 BLACKSTONE VLG,51100,45000,Residential,Condo
200639,2020,07/28/2021,Groton,4 TYLER AVE,259770,650000,Residential,Single Family
10049,2001,11-02-2001,Avon,53 HIGH GATE DR,367800,550000,,
200020,2020,10-06-2020,Groton,98 EAST SHORE AVE,654570,990000,Residential,Single Family
200098,2020,11-06-2020,Groton,70 ATLANTIC AVE,354550,742500,Residential,Single Family
22020,2022,11/15/2022,Middlebury,97 RIDGEWOOD DR,326100,500000,Residential,Condo
200285,2020,04-12-2021,Guilford,30 GRANITE RD,77840,150000,Residential,Condo
200080,2020,11-05-2020,Guilford,2 WINTERBERRY RD,239550,480000,Residential,Single Family
20360,2020,01/22/2021,Hartford,1301 MAIN ST,173670,439900,Commercial,
20522,2020,03-11-2021,Hartford,26 BRANFORD ST,35875,165000,Residential,Single Family
20565,2020,03/29/2021,Hartford,31 EATON ST,61915,249000,Residential,Two Family
20614,2020,04-08-2021,Hartford,55 STERLING ST,52500,220000,Residential,Two Family
20750,2020,05-06-2021,Hartford,3371 MAIN ST,126560,180000,Commercial,
20899,2020,06/21/2021,Hartford,159 RUSS ST,137270,278500,Apartments,
2100369,2021,09-12-2022,Madison,119 ISLAND AVE,486100,1250000,Residential,Condo
201023,2020,07/26/2021,Hartford,410 MARKET ST,435610,525000,Commercial,
210086,2021,12-10-2021,Madison,164 MIDDLE BEACH RD,1431600,2241000,Residential,Single Family
201129,2020,08/19/2021,Hartford,20 GIDDINGS ST,114954,360000,Residential,Two Family
210167,2021,05/13/2022,Mansfield,OLD TURNPIKE RD PAR B,50200,100000,Vacant Land,
200065,2020,03/31/2021,Harwinton,WHETSTONE RD,55380,85000,Vacant Land,
200125,2020,09-07-2021,Harwinton,167 BIRGE PARK RD,194790,360000,Residential,Single Family
11193,2001,08-02-2002,Milford,65 CHERRY ST BLDG B,56980,95000,,
200230,2020,04/26/2021,Killingly,152 NORTH ST,143220,150000,Apartments,
200043,2020,12-09-2020,Killingworth,46 TITUS COAN ROAD,354040,645000,Residential,Single Family
20059,2020,02/18/2021,Lebanon,54 FIRST ST,121510,229900,Residential,Single Family
20041,2020,03-09-2021,Lisbon,17 BARBER FARM RD,76880,90000,Vacant Land,
200052,2020,11/16/2020,Litchfield,68 BEACH ST,149570,200000,Residential,Two Family
200010,2020,11/20/2020,Lyme,0 STERLING HILL RD,101100,250000,Vacant Land,
200709,2020,04/16/2021,Manchester,152 GREEN ROAD,138100,282500,Residential,Single Family
220165,2022,03-01-2023,New London,15 CENTER ST,117390,285000,Residential,Two Family
220197,2022,03/31/2023,New London,14 THAMES ST,119350,285000,Residential,Single Family
210776,2021,04/29/2022,New Britain,291 MAIN ST,89390,125000,Commercial,
10096,2001,02/28/2002,Putnam,123 PARK RD,139000,200000,,
200991,2020,07-08-2021,Manchester,64 MILFORD ROAD,104300,160000,Residential,Single Family
201027,2020,07/19/2021,Manchester,200 SHELDON ROAD,517700,800000,Commercial,
11490,2001,07/19/2002,Norwalk,29 PONUS AVE,148540,344000,,
210131,2021,11-04-2021,New Britain,96 COMMONWEALTH AVE,110180,232500,Residential,Single Family
2200377,2022,07-07-2023,New Milford,3 SILVER BIRCH RD,272760,567500,Residential,Single Family
11430,2001,09/26/2002,Milford,ROSELLE ST,31360,70000,,
22018,2022,03/13/2023,Norfolk,35 PARKER HILL RD,138620,380000,Residential,Single Family
10055,2001,12-04-2001,Stafford,15 JENNIFER LN,0,165155,,
200210,2020,07-12-2021,Mansfield,156 HILLYNDALE RD,169400,345000,Residential,Single Family
210130,2021,01-10-2022,New Canaan,258 ELM ST,6132140,13500000,Commercial,
10090,2001,06/18/2002,Sherman,1 WIMISINK DR,64050,117000,,
200468,2020,02-12-2021,Meriden,28 STANLEY ST,100520,170000,Residential,Single Family
22230,2022,06-02-2023,North Haven,15 LAYDON AVE,176370,331000,Residential,Single Family
200821,2020,05/27/2021,Meriden,7 CARRIAGE CRSNG,67270,82000,Residential,Condo
22046,2022,06/28/2023,Chester,264 MIDDLESEX AVE,455970,900000,Commercial,
200961,2020,07-01-2021,Meriden,52 ROYAL OAK CIR,130340,305000,Residential,Single Family
10502,2001,01/15/2002,Stratford,1101 SUCCESS AVE,0,50000,,
10001,2001,10-02-2001,Roxbury,352 SOUTH ST,234240,320000,,
10205,2001,06/18/2002,Oxford,31 CORTLAND PL,65930,125000,,
201245,2020,09/14/2021,Meriden,223 REYNOLDS DR,128170,260000,Residential,Single Family
200038,2020,10-09-2020,Meriden,41 SUNNY LANE,209440,307000,Residential,Single Family
10049,2001,12/17/2001,Putnam,12-16 BATTEY ST,63000,100000,,
10041,2001,10-04-2001,Stratford,86 MINOR CROSS,107090,0,,
210574,2021,03-10-2022,New Haven,316 GRAND AV,225110,400000,Commercial,
10254,2001,09/13/2002,Old Lyme,11 FERRY RD,538000,1200000,,
11920,2001,09/24/2002,Norwalk,26 KNAPP ST,101920,260000,,
10885,2001,09-06-2002,Norwich,154 N MAIN ST,140400,200000,,
220753,2022,07/19/2023,Norwich,26 WARD ST,86100,180000,Residential,Single Family
11931,2001,09/24/2002,Norwalk,27 BROAD ST,332710,519043,,
200175,2020,10/29/2020,Milford,16 SEABREEZE AVE,180950,325000,Residential,Condo
220300,2022,02/17/2023,Greenwich,2 MORTIMER DRIVE,927990,1850000,Residential,Single Family
200275,2020,11/16/2020,Milford,0 EDGEWATER PL,119000,300000,Vacant Land,
210473,2021,08/25/2022,New London,85 WEST ST,75110,205000,Residential,Single Family
10015,2001,11-09-2001,Sharon,82 UPPER MAIN ST,53700,50000,,
20014,2020,10-06-2020,Monroe,22 MEADOWVIEW TER,189100,305000,Residential,Single Family
10269,2001,07/15/2002,Tolland,63 BALD HL RD,89950,149900,,
10920,2001,09-06-2002,Torrington,VIEW ST,14300,22500,,
10482,2001,01-10-2002,Stratford,129 BAYBERRY LN,140390,0,,
21136,2021,11/30/2021,Newtown,7 POSSUM RIDGE ROAD,243280,482500,Residential,Single Family
2000296,2020,02-12-2021,Naugatuck,464 MULBERRY ST,114660,195000,Residential,Single Family
10166,2001,01/23/2002,Ridgefield,120 PROSPECT ST UT 44,170760,380000,,
2000327,2020,03-03-2021,Naugatuck,31 PILGRIM LN,157810,276500,Residential,Single Family
2000473,2020,05/18/2021,Naugatuck,33 FAIRCHILD ST,98900,184500,Residential,Single Family
10014,2001,10-09-2001,New London,6 CLIFF ST,43890,70000,,
2000022,2020,10/13/2020,Naugatuck,41 ANDERSON ST,108070,193500,Residential,Three Family
220049,2022,05/22/2023,Sharon,19 W MAIN ST,192800,475000,Commercial,
213294,2021,11/30/2021,North Haven,27 DODGE AVE,943640,1600000,Commercial,
20513,2020,03-11-2021,New Britain,32 HIGHLAND TERR,97580,163300,Residential,Single Family
20761,2020,05/28/2021,New Britain,150 GOLD ST,212310,450000,Apartments,
10466,2001,01-07-2002,Stratford,1086 ESSEX PL,150640,0,,
201057,2020,08-12-2021,New Britain,5 ARCH ST,264390,400000,Commercial,
201133,2020,09-02-2021,New Britain,103 LEWIS RD,123480,235000,Residential,Single Family
11137,2001,07/29/2002,Milford,31 PEARL ST,78960,200000,,
20086,2020,10/22/2020,New Britain,23 PARKMORE ST,122220,223000,Residential,Single Family
10035,2001,11/14/2001,Orange,832 DONNA DR,156800,275000,,
200338,2020,04/23/2021,New Canaan,116 ROCKY BROOK RD,620760,850000,Residential,Single Family
200661,2020,08/30/2021,New Canaan,322 MAIN ST,1279460,2400000,Residential,Single Family
200155,2020,01/29/2021,New Fairfield,6 BARNBROOK RD,126100,199900,Vacant Land,
10024,2001,10-03-2001,New Britain,4 MADISON ST,52470,90000,,
200264,2020,06-10-2021,New Fairfield,10 BROOK DR,107500,240000,Residential,Single Family
200145,2020,08-09-2021,New Hartford,82 NILES ROAD,238980,460000,Residential,Single Family
200419,2020,02-04-2021,New Haven,769 DIXWELL AV,74200,190000,Residential,Two Family
210618,2021,05/23/2022,Norwich,114 SHERATON LN,37400,100000,Residential,Condo
10164,2001,07/17/2002,Somers,21 LOUBIER DR,201260,380000,,
210923,2021,08/24/2022,Norwich,5 ROBBINS CT,106400,175000,Residential,Two Family
200953,2020,05/28/2021,New Haven,44 FRONT ST,64470,105000,Residential,Condo
201207,2020,07/21/2021,New Haven,40 TEMPLE CT # 40,368130,850000,Residential,Condo
201440,2020,09/15/2021,New Haven,889 CONGRESS AV,80150,214000,Residential,Two Family
200176,2020,11/17/2020,New Haven,36 HARDING PL,35840,35000,Vacant Land,
200192,2020,11/20/2020,New Haven,459 BLATCHLEY AV,71150,170000,Residential,Two Family
201176,2020,03-09-2021,New London,400 BANK ST UNIT 201,165550,191000,Residential,Condo
220779,2022,06/23/2023,Milford,23 PEARL ST,254300,650000,Residential,Single Family
220981,2022,09/29/2023,New Haven,748 QUINNIPIAC AV #11,123130,250000,Residential,Condo
20274,2020,01-08-2021,Newtown,16 SILVER BROOK LANE,419590,779000,Residential,Single Family
21134,2021,01/31/2022,Plainfield,25 ROODE RD,266650,950000,Industrial,
21220,2021,05-03-2022,Plainfield,131 SQUAW ROCK RD,145570,355000,Residential,Single Family
11187,2001,06-04-2002,Norwalk,12 NELSON AVE,167860,270000,,
10144,2001,02/19/2002,Monroe,11 LAUREL DR,183470,357000,,
220103,2022,03/30/2023,Suffield,19 STRATTON FARMS RD,79310,115000,Vacant Land,
20742,2020,08/30/2021,Newtown,157 HANOVER ROAD,325640,508000,Residential,Single Family
20771,2020,09/16/2021,Newtown,3 SHORT HILL ROAD,451770,910000,Residential,Single Family
21176,2021,03-09-2022,Plainville,180 S WASHINGTON ST,63840,360000,Vacant Land,
210047,2021,02-03-2022,Preston,153A ROUTE 12,151200,290000,Residential,Single Family
202281,2020,09-07-2021,North Haven,108 MULHOLLAND WAY,276010,443165,Residential,Condo
220345,2022,02/21/2023,Torrington,114 WORKMAN AVE,72730,150000,Commercial,
10124,2001,10/23/2001,Stratford,1093 BARNUM AVE,200980,0,,
201007,2020,03/22/2021,Norwalk,29 GREGORY BLVD,261800,450000,Residential,Single Family
21291,2021,05-05-2022,Ridgefield,5 STANDISH DR,445440,900000,Residential,Single Family
10336,2001,12/17/2001,Norwalk,16 ROCKMEADOW RD Q,81340,155000,,
202611,2020,07-06-2021,Norwalk,126 WASHINGTON ST UNIT R203,144380,217500,Residential,Condo
10020,2001,10-02-2001,West Haven,84 WEST WALK,64050,130000,,
202876,2020,08/18/2021,Norwalk,17 HADIK PKWY,256270,355000,Residential,Single Family
11223,2001,07/19/2002,Stratford,70 AUO ST,96730,0,,
10052,2001,07-02-2002,Morris,45 TROTTA LN,540,200000,,
200289,2020,11/23/2020,Norwalk,188 FLAX HILL RD UNIT B/6,173040,330000,Residential,Condo
220324,2022,04/26/2023,Wallingford,28 GEORGE ST,152500,390000,Residential,Three Family
220209,2022,12/22/2022,New Haven,545 ELLSWORTH AV,266070,390000,Residential,Single Family
200364,2020,01/20/2021,Norwich,44 NORWICH AVE #22,1100,1983200,Vacant Land,
200427,2020,02-05-2021,Norwich,287-291 MAIN ST,587600,939000,Commercial,
200522,2020,03-04-2021,Norwich,49 WHITE PLAINS RD,174400,335000,Residential,Single Family
10110,2001,03/27/2002,Thompson,THOMPSON RD,34300,5000,,
200656,2020,04/30/2021,Norwich,112-116 MAIN ST,262300,352000,Commercial,
10405,2001,07/25/2002,Stonington,24 W VINE ST,85440,19000,,
220940,2022,04-06-2023,Waterbury,22 LISA COURT UNIT 5,32448,70000,Residential,Condo
11407,2001,05-07-2002,Stamford,27 NORTHILL ST,79730,210000,,
21075,2021,11/15/2021,Southbury,887 SOUTHFORD RD,251170,462500,Residential,Single Family
10558,2001,07-09-2002,Newington,110 DAY ST,74970,265000,,
220822,2022,08-07-2023,New Haven,124 COURT ST #11,123410,235000,Residential,Condo
221296,2022,06/22/2023,Waterbury,61 OAK ST,76983,410000,Residential,Two Family
213533,2021,07-01-2022,Southbury,76 FAWN RIDGE CT,307910,712000,Residential,Single Family
20249,2020,09/30/2021,Orange,387 TIMBERLANE DR,297700,550000,Residential,Single Family
20135,2020,01/21/2021,Plainfield,30-32 GREENE AVE,98580,200000,Residential,Two Family
11877,2001,09/13/2002,Norwalk,6 COBBLERS LN,131250,331500,,
20293,2020,06-07-2021,Plainfield,404 PLAINFIELD PIKE RD,193560,360000,Residential,Single Family
10320,2001,05-07-2002,Vernon,213 12 REGAN RD,28560,50000,,
220127,2022,02-06-2023,Avon,101 WILD WOOD DRIVE,482560,800000,Residential,Single Family
20492,2020,08/19/2021,Plainfield,22 FERNWOOD ST,142910,310000,Residential,Single Family
10207,2001,04/18/2002,Monroe,40 AUTUMN DR,168840,350000,,
200377,2020,08/16/2021,Plainville,492 EAST ST B-36,41090,89900,Residential,Condo
10305,2001,06/17/2002,Watertown,CAROLA DR,57690,90000,,
11198,2001,08-01-2002,West Hartford,42 PINE BRK LN,190210,379900,,
202000106,2020,01/28/2021,Plymouth,325 MAIN ST,596470,833111,Commercial,
202000141,2020,03/18/2021,Plymouth,99 EASTVIEW ROAD,34790,10000,Vacant Land,
11486,2001,07/18/2002,Norwalk,7 FIRESIDE CT,250600,534500,,
200179,2020,06/22/2021,Portland,724 GLASTONBURY TPKE,134750,220000,Residential,Single Family
10693,2001,02/22/2002,Stratford,283 B AGAWAM DR,149180,0,,
21070,2021,11/18/2021,Stafford,155 WALES RD,35140,34350,Vacant Land,
10929,2001,07-11-2002,New Britain,CEDARWOOD DR LT A,25960,40000,,
2016743,2020,07/19/2021,Redding,241 ETHAN ALLEN HIGHWAY,1769800,1800000,Commercial,
20273,2020,01-11-2021,Ridgefield,12 CARPENTER CLOSE,89810,128300,Residential,Condo
10059,2001,09-04-2002,Warren,13 PARTRIDGE RD,173250,274900,,
10128,2001,04/23/2002,Thompson,COLONIAL RD,2100,2100,,
2101412,2021,05-02-2022,Stamford,11 BERTMOR DRIVE,389170,775000,Residential,Single Family
200207,2020,06-10-2021,Rocky Hill,402 THE MEWS,120890,234900,Residential,Condo
200010,2020,10/22/2020,Rocky Hill,59 HIGHCREST DRIVE,128870,193000,Residential,Condo
2102049,2021,07/28/2022,Stamford,91 STRAWBERRY HILL AVE #224,130350,145000,Residential,Condo
200002,2020,10-01-2020,Roxbury,20 CHURCH ST,439290,575000,Residential,Single Family
2102154,2021,08-12-2022,Stamford,49 HINCKLEY AVENUE,391700,740000,Residential,Two Family
200568,2020,10-07-2020,Salem,81A SKYLINE DR.,46900,75000,Vacant Land,
20200070,2020,04-08-2021,Sharon,101 MILLERTON RD,170200,287000,Residential,Single Family
20200107,2020,07/26/2021,Sharon,BARBERRY HILLS RD,106300,100000,Vacant Land,
10087,2001,01/23/2002,Winchester,936 MAIN ST,8000,8000,,
2100154,2021,10/19/2021,Stamford,99 OLD BARN ROAD WEST,292910,530000,Residential,Single Family
200759,2020,07/21/2021,Shelton,104 MAPLE AVE,144410,185000,Residential,Single Family
200245,2020,01-06-2021,Shelton,172-176 CORAM AVE,310660,375000,Commercial,
200374,2020,03-01-2021,Shelton,1103 RENAISSANCE,227500,525000,Residential,Condo
20104,2020,08/24/2021,Sherman,6 BULLYMUCK RD,23600,41382,Vacant Land,
200362,2020,05/24/2021,Simsbury,75 HILLTOP DRIVE,99660,180000,Residential,Condo
200377,2020,05/28/2021,Simsbury,108 LIBRARY LANE,80010,130000,Residential,Condo
220019,2022,10/18/2022,Windsor,324 KINGS LANDING,149450,350000,Residential,Condo
200002,2020,10-01-2020,Simsbury,24 BRETTONWOOD DRIVE,186610,252000,Residential,Condo
200081,2020,11-09-2020,Simsbury,2C MILL PONDO LANE,270440,372000,Residential,Condo
200120,2020,12-03-2020,Simsbury,24 COBTAIL WAY,133940,160000,Vacant Land,
10294,2001,04-01-2002,Windsor,11 TANGLEWOOD,64890,105000,,
20486,2020,06/15/2021,Southbury,808 A HERITAGE VILLAGE,92080,185000,Residential,Condo
20588,2020,07/29/2021,Southbury,2005 PURCHASE BROOK RD,235950,510000,Residential,Single Family
220900004,2022,09-06-2023,Woodbury,TUTTLE RD,56560,80000,Vacant Land,
20171,2020,11/30/2020,Southbury,259 BURR RD,74060,115000,Vacant Land,
220105,2022,11/14/2022,Hartford,67 CONGRESS AVE 067C,33773,125000,Residential,Condo
220644,2022,02/14/2023,Bridgeport,329 PEARL ST #331,168500,300000,Residential,Three Family
220060,2022,01-03-2023,East Windsor,108 RYE ST,108620,200000,Residential,Single Family
220031,2022,10/21/2022,Avon,38 LORD DAVIS LANE,462850,860000,Residential,Single Family
220879,2022,08/21/2023,Hartford,45-51 WILLARD ST UNIT 3EL,14222,69900,Residential,Condo
220040,2022,11-01-2022,New Canaan,PASTURES LA,675150,1450000,Vacant Land,
2200166,2022,01/27/2023,New Milford,28 BIRCHWOOD DR,168140,400000,Residential,Single Family
221641,2022,02-07-2023,Manchester,34J GARDEN DRIVE & 14A GARDEN,79800,165000,Residential,Condo
22211,2022,04/28/2023,Montville,41 CAROL DR,206410,355000,Residential,Single Family
220025,2022,10-11-2022,Meriden,16 NO SPRING ST,113120,210000,Residential,Single Family
220082,2022,12-12-2022,Madison,24A WILSHIRE RD,233100,210000,Residential,Condo
22138,2022,09/18/2023,Beacon Falls,104 FIELDSTONE LANE,0,616335,Residential,Condo
2222100,2022,02/21/2023,Ansonia,124 TREMONT ST,120960,105000,Residential,Single Family
220249,2022,01/17/2023,Greenwich,110 SHEEPHILL ROAD,509600,700000,Residential,Single Family
220252,2022,07-03-2023,Madison,258 OPENING HILL RD,236000,635000,Residential,Single Family
2200060,2022,11/14/2022,New Milford,36 MIST HILL DR,198190,455000,Residential,Single Family
220156,2022,08/18/2023,North Branford,15 CONIFER DR,184000,457000,Residential,Single Family
220211,2022,01/18/2023,Litchfield,104 MEADOW ST,137910,513000,Residential,Single Family
220147,2022,05-02-2023,Colchester,30 VICKI LN,139800,265000,Residential,Single Family
220127,2022,05-08-2023,Coventry,10 MARK DR,150900,310000,Residential,Single Family
2200461,2022,06/26/2023,East Hartford,7 STRAWBERRY LN,181350,360000,Residential,Condo
22079,2022,08/14/2023,Columbia,6 STRICKLAND ROAD,142100,355000,Residential,Single Family
220748,2022,06-06-2023,Milford,49 AUDUBON CLOSE,259460,455000,Residential,Condo
2200337,2022,05-08-2023,Naugatuck,181 GORMAN ST,193270,290000,Residential,Single Family
220115,2022,02-06-2023,Killingly,491 WESTCOTT RD,105980,150000,Residential,Single Family
220473,2022,01/30/2023,Fairfield,13 BOND STREET,272370,390000,Residential,Single Family
220287,2022,08/21/2023,Griswold,29 TRACY AVE,175140,407500,Apartments,
220559,2022,05-08-2023,Hamden,900 SHERMAN AVE,248640,10000,Vacant Land,
220891,2022,08/29/2023,New Haven,646 WOODWARD AV,183750,340000,Residential,Single Family
220455,2022,03/30/2023,Meriden,50 SUNBRIGHT DR NO,118580,125000,Residential,Single Family
220679,2022,02/17/2023,Bridgeport,518 NOBLE AVE #520,158385,415000,Residential,Three Family
2200031,2022,10/28/2022,East Haven,65 RUSSO AVE #A5,95130,158100,Residential,Condo
222323,2022,08/21/2023,Bridgeport,2660 NORTH AVE UNIT 240,96190,260000,Residential,Condo
22000028,2022,07/25/2023,Hampton,981 PUDDING HILL RD,126540,340000,Residential,Single Family
220087,2022,06/21/2023,Easton,15 ORCHARD LANE,286300,801000,Residential,Single Family
220199,2022,07/20/2023,Colchester,28 COLBURN DR,56500,76000,Vacant Land,
2200341,2022,05-11-2023,Naugatuck,80 NORTH HOADLEY ST,171570,294900,Residential,Single Family
220006,2022,10-10-2022,Bloomfield,5 STILLMAN RD,159950,340000,Residential,Single Family
220585,2022,06/27/2023,Branford,27 BRAINERD RD UNIT B,184700,390000,Residential,Single Family
220910,2022,09-05-2023,New Haven,29 ASSUMPTION ST,144270,240000,Residential,Single Family
220009,2022,10-11-2022,Colchester,43 CATO CORNER RD,215500,322900,Residential,Single Family
22015,2022,10/24/2022,Columbia,28 CHESBRO BRIDGE ROAD,304080,810000,Residential,Single Family
220036,2022,04/18/2023,Bethlehem,11 MAIN ST S,317500,620000,Residential,Single Family
220527,2022,03-06-2023,Fairfield,240 SUNNYRIDGE AVE  UNIT 77,159320,301000,Residential,Condo
222124,2022,07-05-2023,Bridgeport,173 BENNETT ST,138730,370000,Residential,Single Family
2200390,2022,05/22/2023,East Hartford,45 BRIARWOOD LN,207650,275000,Residential,Single Family
221968,2022,07/27/2023,Manchester,935 MAIN STREET UNIT D2,110400,162000,Commercial,
220004,2022,10-12-2022,Hebron,80 WELLSWOOD RD UNIT 8,81900,150000,Residential,Condo
221033,2022,09-01-2023,Milford,25 AUGUSTA DR,441870,768000,Residential,Single Family
220553,2022,03/21/2023,Fairfield,1319 STILLSON ROAD,600880,1365000,Residential,Single Family
220270,2022,03-02-2023,Enfield,4 HOWARD ST,141400,269900,Residential,Single Family
221932,2022,05/25/2023,Bridgeport,22 EVERGREEN ST,167640,440000,Residential,Three Family
220278,2022,01/24/2023,New Haven,132 DERBY AV,191800,278000,Residential,Three Family
220684,2022,06/16/2023,Hamden,75 SANTA FE AVE,388640,818500,Residential,Single Family
220054,2022,05-04-2023,Lisbon,78 RIMEK RD,124370,225000,Residential,Single Family
22134,2022,02/23/2023,North Haven,6 LIBERTY TERR,203380,260000,Residential,Single Family
22312,2022,06/21/2023,Darien,16 PLYMOUTH ROAD,1595160,3195000,Residential,Single Family
220900,2022,08/16/2023,Hamden,34 SQUIRE LA,207130,490000,Residential,Single Family
220297,2022,09/22/2023,Brookfield,69 OBTUSE ROAD SOUTH,84040,140000,Vacant Land,
220345,2022,03-10-2023,Greenwich,9 ROBIN PLACE,1471470,2585000,Residential,Single Family
22100,2022,06-08-2023,Burlington,451 SPIELMAN HWY,143570,330000,Residential,Single Family
220244,2022,07/13/2023,Ledyard,10 HERMITAGE DR,201530,460000,Residential,Single Family
2200398,2022,06/27/2023,Naugatuck,6 PINEWOOD CROSSING SOUTH,282590,525000,Residential,Single Family
220506,2022,04/21/2023,Branford,ANCHOR REEF CLUB 17E,137000,275000,Residential,Condo
220071,2022,01/24/2023,East Windsor,72 ROCKVILLE RD,140890,285000,Residential,Single Family
22161,2022,03/24/2023,North Haven,45 BLEECKER CIR,257180,489900,Residential,Condo
220002,2022,10-06-2022,Lyme,12 HONEY HILL RD,161800,425000,Residential,Single Family
220421,2022,01/30/2023,Branford,BUCKLEY RD,127600,27321,Vacant Land,
22250,2022,09-12-2023,Monroe,60 OLD COLONY RD,296900,636000,Residential,Single Family
220091,2022,11-01-2022,Milford,118 GULF ST #15,207680,350000,Residential,Condo
22113,2022,06/29/2023,Burlington,48 HUNTERS CROSSING,334950,750000,Residential,Single Family
220942,2022,04-11-2023,Bridgeport,161 SHERWOOD AVE #163,204130,480000,Residential,Two Family
220605,2022,06-05-2023,New Haven,105 BARCLAY ST,300580,500000,Industrial,
22224,2022,05/19/2023,Montville,7 KILLEEN RD,170170,280000,Residential,Single Family
220190,2022,08/29/2023,Ellington,10 AZALEA LN,297260,595000,Residential,Single Family
220308,2022,08/31/2023,Killingly,91 GLORIA AV,170460,425000,Residential,Single Family
220549,2022,07/28/2023,Enfield,24 SPIER AVE,182600,312000,Residential,Single Family
22055,2022,03/30/2023,Beacon Falls,75 FAIRFIELD PLACE,37490,395000,Vacant Land,
2200459,2022,06/23/2023,East Hartford,5 COMANCHE RD,38870,70000,Residential,Condo
2200432,2022,08/15/2023,New Milford,63 SULLIVAN FARM,174580,349995,Residential,Condo
220297,2022,08/15/2023,Madison,22 SILO HILL,453000,981000,Residential,Single Family
220127,2022,11/21/2022,Meriden,134 BALDWIN ST,159530,272500,Residential,Single Family
220039,2022,11-02-2022,Madison,20 BARBERRY LN,717100,809000,Residential,Single Family
22009,2022,10/21/2022,Lebanon,NORWICH AVE (276-51),4470,95000,Vacant Land,
220160,2022,07-11-2023,Ellington,26 GRAND BLVD,198650,446000,Residential,Condo
220761,2022,07/25/2023,Meriden,9 FIESTA HGTS,178430,290000,Residential,Single Family
220039,2022,12-08-2022,Canton,9 FOREST LANE,140230,330000,Residential,Single Family
220297,2022,01/26/2023,Meriden,142 BRITANNIA ST,113330,165000,Residential,Single Family
2200186,2022,03-06-2023,East Haven,96 PROSPECT RD,183050,330000,Residential,Single Family
220555,2022,05-04-2023,Meriden,61 NO PEARL ST,128870,204000,Residential,Single Family
220656,2022,06-08-2023,Hamden,24 FANS ROCK RD,165690,345000,Residential,Single Family
220098,2022,05-03-2023,Canton,15 BIRCH ROAD,130940,302500,Residential,Single Family
2200461,2022,08-02-2023,Naugatuck,66-3 LANTERN PARK DRIVE,88200,172000,Residential,Condo
220085,2022,12/27/2022,Brookfield,934 FEDERAL ROAD,362920,1100000,Industrial,
220067,2022,11-01-2022,Branford,79 MONTOYA,94900,234000,Residential,Condo
220295,2022,01/25/2023,Meriden,19 SWAIN AVE,149450,260000,Residential,Two Family
220184,2022,06/30/2023,Colchester,23 VILLAGE CT,215600,385000,Residential,Condo
220924,2022,09-11-2023,Greenwich,NORTH STREET 0051,1569750,2562500,Residential,Single Family
220021,2022,10/26/2022,Bloomfield,34 COLD SPRING DR,189840,360000,Residential,Single Family
220038,2022,12/28/2022,Hebron,302 JAGGER LANE,261590,434900,Residential,Single Family
220073,2022,11-02-2022,Fairfield,66 CAMPFIELD DRIVE,226660,325000,Residential,Two Family
220955,2022,09-05-2023,Hamden,39 IVES ST U308,124040,290000,Residential,Condo
220637,2022,08-01-2023,Branford,2F STONEGATE,101100,220000,Residential,Condo
220426,2022,03/20/2023,Meriden,83 COLONY BROOK PARK,33530,67000,Residential,Single Family
2200278,2022,05-02-2023,New Milford,51 BULLYMUCK RD,254050,467000,Residential,Single Family
220971,2022,09/25/2023,Hartford,178 PARK ST UNIT D,20176,35000,Residential,Condo
221838,2022,05/31/2023,Manchester,28 PROSPECT STREET UNIT 11,45900,87000,Residential,Condo
220577,2022,01/26/2023,Bridgeport,251 JANE ST #257,142820,340000,Residential,Single Family
220116,2022,03/23/2023,East Hampton,16 CORNWELL TERRACE,162270,357000,Residential,Single Family
220232,2022,08/18/2023,Colchester,31 COLCHESTER COMMONS,75000,155000,Residential,Single Family
22246,2022,06/23/2023,North Haven,417 WASHINGTON AVE,224000,4250000,Industrial,
220346,2022,04/18/2023,Enfield,16 BRAINARD RD,147000,230000,Residential,Single Family
220875,2022,07/19/2023,Milford,300 MEADOWSIDE RD #202,82610,100000,Residential,Condo
22151,2022,03/14/2023,North Haven,8 STATE ST,174620,275000,Residential,Single Family
220066,2022,12-06-2022,Brookfield,60 BERKSHIRE DRIVE,306650,385000,Residential,Single Family
22035,2022,04/18/2023,Bolton,280 BOLTON CENTER RD,158700,285000,Residential,Single Family
220069,2022,04/13/2023,Hebron,17 BASS LAKE RD,216090,490000,Residential,Single Family
2200504,2022,07/25/2023,East Hartford,63 GRANDE RD,146090,300000,Residential,Single Family
220616,2022,06-08-2023,New Haven,786 CHAPEL ST,391720,640000,Commercial,
220113,2022,11/22/2022,Fairfield,21 CHANDLERS LANE SOUTH,522550,890000,Residential,Single Family
220229,2022,06/26/2023,Ledyard,135 WHALEHEAD RD,172060,300000,Residential,Single Family
220145,2022,04-03-2023,Colchester,67 STANDISH RD,254900,405000,Residential,Single Family
22097,2022,03/13/2023,Derby,130 HIGH ST,67060,17501,Residential,Single Family
220015,2022,10-12-2022,Avon,3 FOREST HILLS DRIVE,162510,324900,Residential,Single Family
22061,2022,12/19/2022,Monroe,43 CHALK HILL RD,195900,370000,Residential,Single Family
220887,2022,08/24/2023,Hartford,59 EAST ST,53839,360000,Residential,Three Family
220199,2022,05/23/2023,New Canaan,35 BANK ST-UNIT 10,599830,1050000,Residential,Condo
220154,2022,03/20/2023,East Lyme,65 SEA CREST AVE,191240,440000,Residential,Single Family
220002,2022,10-04-2022,Brookfield,14 WOOD CREEK RD,319240,520000,Residential,Single Family
220240,2022,12-08-2022,Milford,7 ALANA DR #47,243200,410000,Residential,Condo
220600,2022,05/24/2023,Meriden,37 LANOUETTE ST,134540,39000,Residential,Single Family
220017,2022,11/21/2022,Middlefield,80 MAIN ST,189400,305000,Residential,Single Family
220099,2022,03/15/2023,Clinton,137 EAST MAIN ST,196200,340000,Residential,Four Family
221317,2022,08-09-2023,Fairfield,321 CASTLE AVENUE,226870,525000,Residential,Single Family
22115,2022,04-10-2023,Derby,1 FIFTH ST,65660,105000,Residential,Single Family
220945,2022,08-08-2023,Milford,0 CASWELL COVE MARINA #C2,9800,19000,Residential,Condo
220226,2022,12/27/2022,Hamden,35 BENHAM ST,122360,212000,Residential,Single Family
220173,2022,04/25/2023,Madison,209 RIVER RD,227100,475000,Residential,Single Family
220598,2022,08/18/2023,Enfield,329 ABBE RD,174200,285000,Residential,Single Family
220063,2022,12-05-2022,Colchester,OLD HARTFORD RD,50400,115000,Vacant Land,
220203,2022,12/20/2022,Meriden,157 WILLIAMS ST,147070,225000,Residential,Single Family
220326,2022,08-02-2023,New London,461 BANK ST #603,197230,329900,Residential,Condo
220259,2022,09/15/2023,East Hampton,211 MIDDLE HADDAM RD,421650,1500000,Residential,Single Family
22193,2022,07-12-2023,Monroe,11 TURTLEBROOK TRAIL,170000,351500,Residential,Condo
22333,2022,09/21/2023,Montville,24 TORY DR,221620,410000,Residential,Single Family
221774,2022,04/28/2023,Manchester,102 WETHERELL STREET UNIT 12,129200,221500,Residential,Condo
221914,2022,05/22/2023,Bridgeport,216 MACON DR,160960,420000,Residential,Single Family
220240,2022,12/22/2022,Hartford,65 LINNMOORE ST,87392,290000,Residential,Two Family
220798,2022,08-03-2023,Meriden,111 WEBB MANOR,33880,90000,Residential,Condo
221410,2022,10/28/2022,Manchester,20 CARRIAGE DRIVE,209600,320000,Residential,Single Family
220015,2022,10/17/2022,Brooklyn,80 VENTURA DR,100100,261500,Residential,Single Family
22279,2022,08/24/2023,Darien,354 HOYT STREET,439390,1185000,Residential,Single Family
220024,2022,02-02-2023,Bethlehem,136 LAKE DR,141000,395000,Residential,Single Family
220021,2022,10/20/2022,Coventry,426 LEWIS HILL RD,157000,289000,Residential,Single Family
220776,2022,07/13/2023,Hamden,65 WASHINGTON RD,128730,300000,Residential,Single Family
220389,2022,01-04-2023,Branford,5D STONEGATE,68700,140000,Residential,Condo
223407,2022,07-12-2023,Newington,93 CHENEY LN,150420,140000,Residential,Single Family
220796,2022,07/20/2023,Hamden,17 ROCKWOOD RD,118580,153990,Residential,Single Family
2200358,2022,05-01-2023,East Hartford,31 HIGH ST #3108,71160,155000,Residential,Condo
2200016,2022,10/18/2022,New Milford,52 OLD FARMS CONDO,115850,230000,Residential,Condo
220833,2022,07/27/2023,Hamden,11 JEAN ST,91840,200000,Residential,Single Family
220020,2022,10-12-2022,East Lyme,61 S. BEECHWOOD RD.,212940,430000,Residential,Single Family
2200011,2022,10-05-2022,Naugatuck,71 CANDEE RD,229040,325000,Residential,Single Family
220325,2022,02-07-2023,Meriden,16 MOSHER ST,135730,235000,Residential,Three Family
220274,2022,04/13/2023,Groton,19 BANK ST,323750,835000,Residential,Single Family
220004,2022,10/13/2022,New Hartford,173A MAIN STREET,892360,1770000,Commercial,
2200150,2022,12/29/2022,Naugatuck,35 FAIRCHILD ST,113820,85000,Residential,Single Family
220117,2022,01/27/2023,Avon,265 BURNHAM ROAD,241590,545000,Residential,Single Family
220071,2022,01/23/2023,Clinton,30 MALLARD LN,219224,570000,Residential,Single Family
220413,2022,05/23/2023,Enfield,13 CEDAR ST,117100,190000,Residential,Single Family
221069,2022,05/23/2023,Fairfield,405 HULLS HIGHWAY,573160,976500,Residential,Single Family
222048,2022,06/16/2023,Bridgeport,68 HEWITT ST,113890,300000,Residential,Single Family
220053,2022,11/30/2022,Bloomfield,23 PARK AVE,90490,205000,Residential,Single Family
22035,2022,12-08-2022,Haddam,888 SAYBROOK RD,186630,399000,Residential,Single Family
22000218,2022,04/20/2023,Cheshire,115 BELLAMY RD,241860,550000,Residential,Single Family
2200019,2022,11-01-2022,New Fairfield,65 BOGUS HILL RD,438300,1100000,Residential,Single Family
2222169,2022,06/30/2023,Ansonia,174 N STATE ST,242410,468000,Residential,Two Family
220340,2022,02-09-2023,Hamden,52 ROBIN HILL LA,182000,500000,Residential,Single Family
22029,2022,03/28/2023,Eastford,86 COUNTY RD,49830,50500,Residential,Single Family
220475,2022,04/21/2023,New Haven,902 TOWNSEND AV,140840,252000,Residential,Single Family
22044,2022,12/30/2022,Haddam,INJUN HOLLOW RD,56320,70000,Vacant Land,
22063,2022,01/17/2023,Derby,2 D ST,96810,130000,Residential,Single Family
220329,2022,02-08-2023,Meriden,200 GRAVEL ST,141960,250000,Residential,Two Family
22275,2022,07/17/2023,North Haven,25 APPLETREE LN,159640,375000,Residential,Single Family
220276,2022,04/14/2023,Groton,88-6 BUDDINGTON RD,74410,179000,Residential,Condo
222189,2022,07/20/2023,Bridgeport,2773 FAIRFIELD AVE UNIT #3,1139170,175000,Commercial,
22056,2022,02-09-2023,Haddam,451 PLAINS RD,66560,87000,Residential,Single Family
220791,2022,07/13/2023,Hartford,40 HAMILTON ST,244440,510751,Apartments,
220011,2022,10-04-2022,Branford,50 ORCHARD HILL RD,203500,380000,Residential,Single Family
2200184,2022,05/16/2023,Bloomfield,47 FOOTHILLS WAY,161980,337500,Residential,Single Family
221163,2022,06/26/2023,Fairfield,50 CEDAR WOOD LANE,424410,780000,Residential,Single Family
221287,2022,08-01-2023,Fairfield,145 SKY TOP DRIVE,526820,952000,Residential,Single Family
220894,2022,08/30/2023,Greenwich,VALLEY ROAD 0064,536060,735000,Residential,Two Family
2200162,2022,04/17/2023,Bloomfield,21 PENWOOD RD,234640,420000,Residential,Single Family
220785,2022,03-10-2023,Bridgeport,2612 NORTH AVE UNIT #B18,101700,229000,Residential,Condo
220796,2022,03/13/2023,Bridgeport,323 EXETER ST,130579,259900,Residential,Single Family
2200314,2022,06/22/2023,East Haven,54 MILL POND HEIGHTS RD,181790,410410,Residential,Single Family
22014,2022,04/24/2023,Chaplin,237 WILLIMANTIC RD,178100,228000,Commercial,
222355,2022,08/29/2023,Bridgeport,220 MARILYN DR,135660,295000,Residential,Single Family
220021,2022,10/20/2022,Brooklyn,28 GUNNAR DR,126500,289000,Residential,Single Family
222104,2022,09/20/2023,Manchester,175-185 NEW BOLTON ROAD,207700,400000,Residential,Single Family
220101,2022,05-09-2023,Canton,35 HIGH STREET,182160,115000,Residential,Two Family
220673,2022,05/25/2023,Hartford,82 GILLETT ST,808850,2000000,Apartments,
220165,2022,01/13/2023,Newington,7 EIGHTH ST,84740,135000,Residential,Single Family
220095,2022,06-01-2023,Essex,30 MARES HILL RD,239300,625000,Residential,Single Family
220016,2022,10/28/2022,Mansfield,15 WESTWOOD RD,203100,405000,Residential,Single Family
220084,2022,12/22/2022,Killingly,5 COUNTRY CLUB ROAD,138110,300000,Residential,Four Family
220148,2022,10/26/2022,Bridgeport,341 GEORGE ST #343,229020,480000,Residential,Two Family
220108,2022,11/29/2022,Enfield,5 SOUTHVIEW ST,104700,207000,Residential,Single Family
220264,2022,12/29/2022,Hartford,58 LEDGER ST,43586,235000,Residential,Single Family
22005,2022,10/17/2022,Barkhamsted,22 SHANNON DR,224060,502000,Residential,Single Family
20073,2002,12/30/2002,Coventry,314 HIGHLAND RD,67690,125000,,
220090,2022,05-03-2023,Brooklyn,183 BARRETT HILL RD,312320,725000,Residential,Single Family
220174,2022,07/27/2023,Coventry,11 WOODMERE DR,111900,550000,Residential,Single Family
220115,2022,06-06-2023,Canton,4 BIRCH KNOLL ROAD,183980,411000,Residential,Single Family
220028,2022,11/22/2022,Litchfield,220 EAST ST,207660,375000,Residential,Single Family
220972,2022,08/22/2023,Milford,6-10 STOWE AVE,653180,1200000,Residential,Single Family
220220,2022,01-06-2023,Fairfield,134 COLONY STREET,291410,430000,Residential,Single Family
220165,2022,05-01-2023,Ledyard,1 REUVEN DR,168070,180855,Residential,Single Family
220833,2022,03/21/2023,Bridgeport,155 KENNEDY DR UNIT #155,74190,171000,Residential,Condo
220100,2022,11/16/2022,Fairfield,411 ROMANOCK ROAD,911260,1750000,Residential,Single Family
220568,2022,05-10-2023,Meriden,24 HOLLY LANE,161700,350000,Residential,Single Family
2222132,2022,04/18/2023,Ansonia,16 SHEASBY RD,253960,415000,Residential,Single Family
220829,2022,03/20/2023,Bridgeport,326 BOND ST,110775,255000,Residential,Two Family
220218,2022,01/24/2023,Enfield,336 TAYLOR RD,137600,280000,Residential,Single Family
222310,2022,08/16/2023,Bridgeport,64 HARBOR AVE #66,227450,624200,Residential,Three Family
220590,2022,01/31/2023,Bridgeport,995 CAPITOL AVE UNIT #M,64530,180000,Residential,Condo
22000197,2022,04-11-2023,Cheshire,102 SOUTHWICK CT,149540,300000,Residential,Condo
2200091,2022,11/30/2022,New Milford,112 WYNWOOD DR,158480,347000,Residential,Single Family
22001,2022,10-06-2022,Haddam,84 CAMP BETHEL RD,232100,390000,Residential,Single Family
22003,2022,10-04-2022,Colebrook,22 CHAPIN ROAD,178800,300000,Residential,Single Family
22085,2022,12/13/2022,Montville,9 KIM AVE,139510,230000,Residential,Single Family
2200405,2022,07/26/2023,New Milford,17 BONNIE VU LN,247420,563000,Residential,Single Family
220754,2022,07/21/2023,Meriden,21 CATLIN ST,167160,421000,Residential,Three Family
221439,2022,11-08-2022,Manchester,518 TAYLOR STREET,250600,375000,Residential,Single Family
220613,2022,02-02-2023,Bridgeport,330 ALPINE ST,120680,299000,Residential,Single Family
22006,2022,11-01-2022,Bolton,19 RIGA LA,165100,312500,Residential,Single Family
22037,2022,10/31/2022,Montville,52 ALLEN DR,143780,285000,Residential,Single Family
2200277,2022,05/26/2023,East Haven,3 FOXON RD,2100,850000,Vacant Land,
220624,2022,05-04-2023,Hartford,110 MARTIN ST,295470,525000,Apartments,
22000316,2022,07/17/2023,Cheshire,245 VILLAGE DR,283230,665000,Residential,Single Family
220506,2022,01-06-2023,Bridgeport,755 HOWARD AVE #761,141822,355000,Residential,Two Family
220119,2022,04/18/2023,Clinton,92 GROVE ST,327600,770000,Residential,Two Family
2200300,2022,06-12-2023,East Haven,575 STRONG ST,91490,250000,Residential,Single Family
220800,2022,08-03-2023,Meriden,2502 MERIDEN SQ TNHS,51100,2050000,Residential,Condo
220353,2022,02/21/2023,Hamden,75 WASHINGTON AVE 5-402,66850,151000,Residential,Condo
220007,2022,10-05-2022,Ledyard,14 PARTRIDGE HOLLOW RD,166250,315000,Residential,Single Family
221082,2022,05/26/2023,Fairfield,311 HARVESTER ROAD,285040,647000,Residential,Single Family
220259,2022,01/13/2023,New Haven,493 HOWARD AV,218260,281000,Residential,Two Family
2200398,2022,08/15/2023,East Haven,569 MAIN ST,161630,350169,Residential,Two Family
22030,2022,11-08-2022,Derby,20-22 MCLAUGHLIN TERR,146510,400000,Residential,Two Family
220648,2022,06/22/2023,Greenwich,9 COTTONTAIL ROAD,1479030,2900000,Residential,Single Family
221461,2022,11/15/2022,Manchester,53 DUVAL STREET,162200,150000,Residential,Single Family
220026,2022,10/13/2022,East Hartford,29 LANHAM LN,113430,235000,Residential,Single Family
220214,2022,09/28/2023,Coventry,102 SPRING TR,115300,210000,Residential,Single Family
220553,2022,05/31/2023,Branford,530 WEST MAIN ST,104800,175000,Residential,Two Family
22033,2022,11-07-2022,Darien,40 MIDDLESEX RD,506170,1735000,Residential,Single Family
222080,2022,06/26/2023,Bridgeport,520 LAUREL AVE,333960,600000,Residential,Two Family
220012,2022,10-03-2022,Hamden,175 MILL POND RD U406,50470,132000,Residential,Condo
220147,2022,03/20/2023,Killingly,519 MAIN ST,80010,135000,Residential,Single Family
22077,2022,06/23/2023,Lebanon,347 GATES RD,115430,30000,Residential,Single Family
220786,2022,07-12-2023,Hartford,170-172 PUTNAM ST,95844,390000,Residential,Three Family
2200148,2022,12/28/2022,East Hartford,55 JANET DR,137110,253000,Residential,Single Family
220633,2022,06/16/2023,Greenwich,93 RIVERSIDE AVENUE,1246700,2100000,Residential,Single Family
221852,2022,06-06-2023,Manchester,368 OAK STREET,202700,265000,Residential,Single Family
220551,2022,01/18/2023,Bridgeport,60 GREYSTONE RD,137500,350000,Residential,Single Family
220008,2022,10-06-2022,Clinton,203A COW HILL RD,145100,281000,Residential,Single Family
220586,2022,04/24/2023,Hartford,256 SOUTH MARSHALL ST,592812,1993925,Residential,Condo
22022,2022,11/14/2022,Burlington,33 VILLAGE LN,197260,426000,Residential,Single Family
220212,2022,04-12-2023,New London,261 GARDNER AVE,116060,268000,Residential,Single Family
220173,2022,12-08-2022,New Haven,145 PORTLAND ST,118370,95000,Residential,Single Family
220819,2022,08-04-2023,Greenwich,EAST ELM STREET 0124,924140,2020000,Residential,Condo
220088,2022,06-02-2023,Hebron,MURPHY RD 61-4,6720,90000,Vacant Land,
220090,2022,02-06-2023,Colchester,22 GREENWICH PL,326900,695910,Residential,Single Family
220117,2022,04/13/2023,East Windsor,54 MILLER RD,161210,280000,Residential,Single Family
2200067,2022,11/23/2022,East Haven,6 BIRCH LN #K,67690,158000,Residential,Condo
220103,2022,11/21/2022,Enfield,100 ABBE RD,142400,298000,Residential,Single Family
220256,2022,09-12-2023,East Hampton,19 MOTT HILL RD,141950,332000,Residential,Single Family
220470,2022,12/29/2022,Bridgeport,55 WESSELS AVE #07,66010,139000,Residential,Condo
222138,2022,09/29/2023,Manchester,42 RED ROCK LANE,188100,359475,Residential,Single Family
220010,2022,10-06-2022,Griswold,61 SOUTH MAIN ST #206,123270,211000,Residential,Condo
2200531,2022,08-02-2023,East Hartford,55 LORRAINE CT,182640,315000,Residential,Single Family
2200142,2022,01-05-2023,New Milford,279 WILLOW SPRINGS,97230,190000,Residential,Condo
210164,2021,03/31/2022,Suffield,59 BRANDYWINE LN,98420,181000,Residential,Condo
22340,2022,09/26/2023,Montville,33-41 MASSAPEAG SIDE RD,42000,49500,Vacant Land,
220171,2022,12-08-2022,New Haven,127 GREENHILL TER,125930,286000,Residential,Single Family
220470,2022,04-03-2023,Meriden,1244 NO BROAD ST,98280,110000,Residential,Single Family
220618,2022,06/13/2023,Greenwich,101 PUTNAM PARK,54722220,535000,Residential,Condo
220921,2022,08-03-2023,Milford,336 POND POINT AVE,199110,390000,Residential,Single Family
223283,2022,05-04-2023,Newington,214 BEACON ST,161940,340000,Residential,Single Family
220147,2022,08/24/2023,Brooklyn,46 POMFRET LANDING RD,114900,230000,Residential,Single Family
220686,2022,08/31/2023,Branford,39 MANORWOOD DR,105900,252000,Residential,Condo
220202,2022,11-04-2022,Bridgeport,194 SMITH ST #196,133980,310000,Residential,Two Family
220339,2022,12-06-2022,Branford,5 LOMARTRA LA,335300,535000,Residential,Single Family
220104,2022,08/28/2023,New Hartford,80 MAPLE HOLLOW ROAD,178500,322950,Residential,Single Family
220016,2022,10/13/2022,New Canaan,22 NORHOLT DR,713440,1300000,Residential,Single Family
221366,2022,08/24/2023,Fairfield,720 BLACK ROCK TURNPIKE,245910,490000,Residential,Two Family
220754,2022,03-06-2023,Bridgeport,80 CARTRIGHT ST #6D,48100,100000,Residential,Condo
220047,2022,10/26/2022,Groton,100 ESSEX ST SLIP D5,29960,42000,Commercial,
22043,2022,12-06-2022,Derby,170 MARSHALL LN,110180,260000,Residential,Single Family
220049,2022,07-06-2023,Kent,36 DOLLDORF RD,263600,600000,Residential,Single Family
220335,2022,05/22/2023,Groton,233 JUDSON AVE,202440,425000,Residential,Single Family
22140,2022,05-09-2023,Monroe,20 PRESTIGE PLACE,79700,533674,Residential,Condo
220053,2022,11/16/2022,Brookfield,11 POWDER HORN HILL RD,255130,395000,Residential,Single Family
220280,2022,07/31/2023,Madison,16 RIDGEWOOD AVE,312200,500000,Residential,Single Family
22082,2022,05-01-2023,Burlington,52 MONCE RD,192780,395000,Residential,Single Family
220231,2022,06/29/2023,Avon,264 NEW ROAD,169910,415000,Residential,Single Family
220420,2022,03/31/2023,New Haven,666 WOODWARD AV,62230,150500,Residential,Condo
22000267,2022,06-09-2023,Cheshire,512 WALLINGFORD RD,187670,319000,Residential,Single Family
220219,2022,07-11-2023,Brookfield,61 COMMERCE RD,1080620,2060450,Industrial,
22092,2022,06-06-2023,Haddam,4 SWAIN JOHNSON TRAIL,140640,290000,Residential,Single Family
220479,2022,03/31/2023,Branford,6G THIMBLE ISLE,45100,130000,Residential,Condo
220041,2022,03/24/2023,East Granby,16 HATCHET HILL ROAD,60700,495000,Residential,Single Family
221677,2022,03-03-2023,Manchester,15 FRENCH ROAD,145300,295000,Residential,Single Family
220098,2022,01/24/2023,Bloomfield,247 DUNCASTER RD,145950,320000,Residential,Single Family
220197,2022,05/31/2023,Ledyard,11 CLARK LN,140350,268000,Residential,Single Family
220044,2022,10/18/2022,Fairfield,121 BEECHWOOD LANE,361410,590000,Residential,Single Family
220677,2022,05/26/2023,Milford,130 OXFORD RD,258710,445000,Residential,Single Family
221752,2022,04/14/2023,Manchester,387 DENNISON RIDGE DRIVE,265600,459900,Residential,Single Family
200007,2020,10-02-2020,South Windsor,23-D AMATO DR,68300,105000,Residential,Condo
221171,2022,06/27/2023,Fairfield,59 MONA TERRACE,987490,1415000,Residential,Single Family
22000021,2022,06/27/2023,Hampton,131 DRAIN ST,153760,250000,Residential,Single Family
